time,co2,delay,m1,m2,m3,temp,people
201905032031,689,3.43739986419677734375,108,234,171,19,7
201904222024,785,5.18028736114501953125,142,206,181,19,16
201904301744,764,4.93218898773193359375,120,175,194,18,12
201904232058,665,5.65128326416015625,140,186,222,20,5
201905011817,874,4.31311130523681640625,176,139,204,19,13
201904230945,531,13.27345371246337890625,185,219,161,18,4
201905030126,542,4.8056125640869140625,124,126,253,19,3
201905011818,868,10.76488494873046875,180,152,163,19,12
201904291433,609,5.34927845001220703125,173,129,261,17,6
201904232103,668,5.13656139373779296875,138,136,270,18,5
201904241654,581,8.027362823486328125,100,122,204,19,12
201905011824,825,4.35903072357177734375,141,156,152,17,11
201904301922,673,12.46302127838134765625,128,189,203,18,7
201904222019,776,4.39536571502685546875,173,157,163,19,13
201904291639,659,5.1904201507568359375,185,129,202,17,12
201905011516,693,5.15606403350830078125,137,170,207,18,13
201904301659,722,4.0650844573974609375,149,194,158,18,14
201904291644,646,5.5059909820556640625,156,114,247,17,12
201904301556,783,5.91061115264892578125,149,180,151,18,17
201904231913,614,10.44638156890869140625,127,225,320,20,3
201904301942,746,5.6962490081787109375,176,187,130,18,9
201904241547,619,5.37292957305908203125,90,81,60,19,15
201904221908,674,4.06239032745361328125,178,182,134,18,6
201904281313,599,3.4819126129150390625,151,112,242,18,4
201904221447,576,3.79631519317626953125,155,198,141,18,10
201904230919,542,5.385684967041015625,209,181,153,18,4
201904291719,731,5.27932643890380859375,119,134,262,18,14
201904231923,600,4.513263702392578125,225,261,265,18,3
201905011813,884,13.742160797119140625,187,132,221,19,15
201905011802,901,4.55658435821533203125,128,140,218,19,13
201904221442,566,4.47514057159423828125,206,156,146,18,8
201904221823,720,3.88469696044921875,176,124,227,19,6
201904221622,564,4.67422008514404296875,143,217,167,17,9
201905011928,801,3.78024578094482421875,110,158,239,19,15
201904261624,609,6.47380352020263671875,194,153,126,17,11
201904222054,767,6.64937496185302734375,211,151,174,19,12
201904291528,585,5.17494678497314453125,107,200,219,17,8
201904221713,687,11.3684177398681640625,115,211,168,18,10
201904291544,603,7.48560428619384765625,206,176,144,17,9
201905030221,544,12.28048801422119140625,122,147,245,19,2
201904241325,518,7.22153186798095703125,182,153,137,18,6
201904221211,613,4.399871826171875,77,78,59,18,11
201904231827,630,5.501270294189453125,174,298,220,20,5
201905011236,568,4.7351360321044921875,175,128,208,18,3
201904221237,637,4.633426666259765625,120,145,216,18,10
201904261433,593,4.008579254150390625,171,156,123,17,4
201904241923,672,7.62841701507568359375,147,155,146,20,10
201904221227,626,4.60460186004638671875,98,197,137,18,10
201904231411,599,4.44900989532470703125,154,165,248,20,9
201904221758,700,3.76999378204345703125,183,145,183,18,6
201905051702,726,4.7876834869384765625,212,146,182,19,11
201904261528,597,3.70929241180419921875,168,157,136,15,7
201904230940,532,5.82408905029296875,255,143,180,18,4
201905011725,914,6.30490779876708984375,149,141,214,18,19
201904231150,498,7.18452930450439453125,242,149,145,19,3
201904231040,540,3.75919342041015625,216,137,196,18,4
201904261714,668,4.05838489532470703125,110,217,157,18,7
201904291659,686,4.60669994354248046875,131,212,178,17,12
201904221628,592,3.6099910736083984375,145,214,180,18,10
201904301857,668,6.18817806243896484375,177,176,138,18,5
201905011703,807,4.63049411773681640625,188,145,182,18,20
201905011206,606,5.0287723541259765625,156,115,249,17,4
201905031841,680,4.40952777862548828125,148,98,267,19,6
201905030206,540,4.06436920166015625,186,143,178,18,3
201904292140,769,52.93254852294921875,139,135,155,18,13
201904221838,726,4.95641231536865234375,169,188,172,19,7
201904221803,694,9.5272064208984375,196,165,152,19,6
201905011727,915,4.61761951446533203125,139,165,150,19,19
201904231531,610,11.0686779022216796875,235,136,199,20,11
201904231331,568,17.74661540985107421875,108,255,171,20,10
201904241300,496,3.968048095703125,146,94,228,18,7
201905011131,596,8.41481685638427734375,97,209,195,18,4
201904231702,586,6.69920444488525390625,200,136,291,20,9
201905011700,786,46.41349315643310546875,125,207,126,18,19
201905011121,585,14.57526683807373046875,135,156,230,18,2
201905051903,613,3.49781513214111328125,120,195,157,17,6
201905011751,908,7.02669620513916015625,118,179,159,19,18
201905031615,626,7.47296810150146484375,134,124,95,18,5
201904241551,614,11.2326145172119140625,141,166,157,19,17
201905011805,880,4.8892974853515625,120,141,219,17,14
201904291212,559,10.9246730804443359375,188,159,137,17,3
201904291654,710,4.65300083160400390625,104,194,222,17,12
201905031806,738,7.33602046966552734375,101,234,182,19,8
201905011810,865,15.13965129852294921875,169,144,177,19,16
201904231246,502,5.15410900115966796875,183,130,255,19,2
201904241500,581,6.32331371307373046875,190,161,113,19,10
201905031756,738,3.6725521087646484375,100,234,182,19,9
201904241724,631,7.50544071197509765625,161,149,157,19,12
201904241558,648,4.86161708831787109375,151,140,166,19,17
201904301912,647,8.96203517913818359375,184,138,212,18,3
201905051521,798,6.58147335052490234375,169,157,183,19,15
201904261458,594,5.32929897308349609375,184,166,125,18,4
201904301827,764,4.2696475982666015625,118,81,61,18,6
201904231130,500,5.58712482452392578125,118,169,257,19,3
201905011231,570,9.7072124481201171875,172,147,183,17,3
201904301553,779,12.67492771148681640625,101,63,98,18,17
201904241754,622,7.02569484710693359375,170,149,153,20,11
201905011740,933,5.62078952789306640625,109,139,219,19,17
201904230849,519,3.69288921356201171875,130,167,252,18,3
201905031635,622,4.27491664886474609375,177,99,247,18,5
201904261659,605,5.4447174072265625,128,212,178,17,10
201905030216,542,3.97472381591796875,112,190,204,18,2
201904291132,559,3.66208553314208984375,79,195,168,17,4
201904241552,633,18.72656345367431640625,154,147,201,20,17
201904241948,677,10.71116924285888671875,90,183,205,19,12
201904281152,621,4.35664653778076171875,116,144,229,18,4
201904301609,721,8.987903594970703125,99,158,186,18,12
201905011430,621,3.44741344451904296875,145,193,135,18,5
201904261538,608,3.43873500823974609375,173,181,127,17,7
201904230839,519,5.65474033355712890625,194,188,160,18,3
201904291127,546,5.86376190185546875,81,126,158,16,5
201904221332,567,4.9748897552490234375,113,125,243,18,5
201904232033,654,3.4912109375,159,238,185,20,4
201904301804,761,14.20924663543701171875,141,141,188,18,12
201905011823,836,4.1893482208251953125,154,149,183,17,13
201905031821,705,5.13498783111572265625,109,158,243,19,6
201904231717,659,9.9773406982421875,261,159,159,20,9
201904221903,681,38.619709014892578125,185,153,134,19,7
201904291754,792,29.97722625732421875,159,135,209,18,13
201905032106,730,4.42249774932861328125,90,231,186,19,9
201905051828,612,3.617382049560546875,135,136,242,19,7
201905011716,898,3.59680652618408203125,166,166,161,18,18
201904231100,544,17.41478443145751953125,112,266,186,19,4
201904241744,616,5.8753490447998046875,134,120,229,20,11
201904232113,655,3.80413532257080078125,180,114,257,20,5
201904301837,687,4.34949398040771484375,155,99,192,18,4
201905051812,623,4.119014739990234375,124,210,156,19,7
201904291508,589,5.656909942626953125,192,119,226,17,8
201905011828,818,5.89678287506103515625,117,190,151,19,11
201904291408,608,4.9285888671875,147,220,152,17,8
201904231752,644,6.210231781005859375,173,144,284,20,6
201904232013,634,6.2525272369384765625,126,229,183,20,4
201905032226,755,3.2264232635498046875,176,198,125,20,9
201905051853,605,47.62747287750244140625,135,213,192,19,4
201904222104,764,4.92136478424072265625,156,192,166,19,11
201904221733,696,4.37152385711669921875,157,118,226,18,9
201905030151,536,5.59127330780029296875,110,166,225,19,3
201905032151,750,5.0464153289794921875,135,244,165,19,9
201904292130,758,3.4443378448486328125,51,54,150,18,13
201904291228,562,4.38630580902099609375,155,115,268,17,3
201904232023,647,6.87046051025390625,126,148,272,20,5
201905051732,718,10.04009246826171875,178,178,149,19,11
201904281257,585,16.0270214080810546875,193,139,161,18,2
201904261734,676,13.84346485137939453125,105,205,165,18,8
201904231251,503,4.40123081207275390625,223,137,188,19,2
201905011714,897,4.5618534088134765625,126,190,189,18,19
201904230804,535,4.70378398895263671875,151,224,166,19,1
201905031650,621,3.520298004150390625,155,127,259,18,5
201905031921,714,4.45001125335693359375,90,233,184,19,7
201904221813,701,5.13441562652587890625,168,175,192,19,7
201904241400,522,9.11014080047607421875,94,217,156,18,8
201904291604,608,3.52771282196044921875,236,175,137,17,9
201905032221,761,23.94587993621826171875,176,206,131,20,9
201905031700,623,3.64093780517578125,117,173,235,18,5
201904221858,713,10.26813983917236328125,174,156,154,19,6
201904291438,598,12.30638027191162109375,140,193,212,17,5
201904281607,725,4.9517154693603515625,169,166,118,19,11
201904231707,616,16.38240814208984375,207,113,285,20,9
201904231356,584,5.8835506439208984375,199,174,205,20,8
201904232048,648,20.3417301177978515625,240,131,194,20,5
201904261759,681,4.297733306884765625,116,193,193,18,7
201904301634,713,3.6132335662841796875,189,162,141,18,13
201904291804,737,3.6396026611328125,145,107,260,18,9
201905030156,537,11.04853153228759765625,118,134,249,18,3
201905031901,654,3.51059436798095703125,142,110,231,19,4
201904241959,686,5.97550868988037109375,92,148,241,20,14
201905032020,672,21.5551853179931640625,89,216,183,19,7
201904221708,666,8.07502269744873046875,140,201,153,18,9
201905011546,692,13.0934238433837890625,107,147,235,18,14
201905030146,538,3.50735187530517578125,111,219,170,19,3
201905011316,597,5.9206485748291015625,214,136,165,18,4
201904301510,688,4.0403842926025390625,141,169,153,18,10
201905051617,721,4.68347072601318359375,164,101,257,17,12
201905011146,608,6.2106609344482421875,199,174,126,17,4
201905011136,610,3.47309112548828125,131,203,159,18,4
201904221557,590,5.07977008819580078125,187,179,129,18,10
201905051547,739,3.76422405242919921875,125,138,214,19,13
201904291403,591,7.7971935272216796875,115,254,179,17,6
201904221913,678,6.55758380889892578125,157,203,159,19,6
201904241848,704,6.050872802734375,133,183,125,20,13
201905022322,655,4.34792041778564453125,108,227,167,19,7
201905011415,626,5.13942241668701171875,80,145,163,18,5
201904222059,749,5.68790435791015625,214,161,151,19,12
201904241310,497,5.0644397735595703125,181,131,174,18,5
201905011729,909,5.15277385711669921875,117,159,208,19,22
201904221723,710,15.9292697906494140625,125,136,232,18,9
201904241918,673,5.7585239410400390625,118,162,177,17,11
201905051516,782,4.94239330291748046875,139,152,236,19,15
201904231848,634,4.711055755615234375,185,255,277,20,6
201904221753,710,3.7910938262939453125,140,156,225,19,6
201905051958,631,3.95653247833251953125,146,204,178,18,6
201904231858,650,5.771541595458984375,180,308,196,20,3
201905011050,597,6.7913055419921875,128,225,163,17,3
201904222124,757,4.901123046875,211,143,170,19,12
201905011838,828,3.41331958770751953125,135,140,243,17,11
201905011251,584,13.22629451751708984375,166,166,224,18,2
201904221612,574,4.347991943359375,184,168,148,17,7
201904291704,670,29.1998386383056640625,185,172,153,17,12
201905011221,577,3.390979766845703125,117,216,175,17,2
201905011711,870,4.86013889312744140625,129,139,209,18,19
201904301847,661,17.1658039093017578125,121,180,170,18,4
201905030011,567,9.503936767578125,140,121,248,19,2
201904241659,548,4.70182895660400390625,130,114,224,19,12
201904291147,549,4.08885478973388671875,148,109,243,17,3
201904261428,591,12.39154338836669921875,157,162,120,17,4
201905011445,643,16.19875431060791015625,162,150,217,18,8
201904241943,665,3.65259647369384765625,93,199,190,18,12
201904231541,585,6.97071552276611328125,164,150,255,20,11
201904301554,760,6.92012310028076171875,162,99,147,18,16
201904221327,562,4.56447601318359375,108,152,223,18,7
201905032136,733,5.3386211395263671875,111,239,165,19,9
201905011803,893,6.3010692596435546875,152,142,170,19,13
201905031911,651,24.552059173583984375,104,202,205,19,5
201904231451,579,11.14499568939208984375,118,168,255,18,10
201904281222,577,5.14643192291259765625,93,237,142,18,1
201905032046,693,3.8504123687744140625,94,237,174,19,9
201904231236,512,5.05449771881103515625,127,248,179,19,2
201904291152,551,4.15985584259033203125,116,136,255,17,3
201904231757,637,4.4790744781494140625,211,154,218,20,5
201904231341,601,23.05982112884521484375,111,271,189,20,10
201904301254,604,4.568004608154296875,123,144,169,17,3
201904301614,728,6.9261074066162109375,115,183,189,18,14
201904281232,571,4.43317890167236328125,148,193,122,18,1
201904231737,648,5.77831268310546875,223,164,193,20,7
201904281132,617,4.06601428985595703125,144,106,164,17,4
201904231612,578,6.67841434478759765625,162,238,191,20,7
201904221252,607,6.409931182861328125,147,190,153,18,6
201904261608,611,8.65290164947509765625,201,141,129,17,8
201904241559,630,5.876827239990234375,123,179,172,19,17
201904291814,734,5.32200336456298828125,144,99,284,18,9
201904231446,573,5.37598133087158203125,118,242,177,20,9
201904241521,598,5.21924495697021484375,107,156,224,19,13
201904241445,562,7.08301067352294921875,179,161,127,18,10
201905011832,810,4.7214031219482421875,143,153,218,19,11
201904230824,516,5.62155246734619140625,149,219,194,19,3
201905022351,603,3.716754913330078125,162,87,133,19,2
201904231632,561,5.89530467987060546875,217,170,150,20,7
201904221417,580,5.1365375518798828125,153,194,157,18,6
201905011747,912,4.5749664306640625,121,176,158,19,18
201904281557,736,4.35326099395751953125,146,187,123,18,12
201905051823,617,11.76044940948486328125,120,182,207,19,7
201905011744,919,4.8123836517333984375,110,183,166,19,17
201905030056,542,4.631805419921875,121,180,208,19,3
201904230930,530,4.94630336761474609375,145,160,256,18,4
201905011749,919,6.21378421783447265625,108,144,199,19,18
201904241933,692,4.57460880279541015625,122,202,162,19,11
201905011837,830,4.10959720611572265625,114,174,213,19,11
201905011326,593,3.8394927978515625,166,113,244,18,4
201904221307,569,3.82478237152099609375,160,130,204,18,5
201904231346,591,30.36029338836669921875,118,273,197,20,8
201905011835,815,10.7525348663330078125,143,149,227,19,11
201904301729,805,6.42898082733154296875,177,131,166,18,11
201904231536,595,7.05738067626953125,172,213,191,21,11
201905031906,641,30.0295352935791015625,118,155,229,19,4
201904291338,617,5.50739765167236328125,143,193,176,17,8
201904221312,554,5.0256252288818359375,177,145,163,18,6
201904241555,638,9.7171783447265625,136,132,207,19,17
201905032131,735,11.01787090301513671875,102,237,162,19,10
201905032211,763,16.5920734405517578125,97,263,165,20,9
201904241425,520,4.2518138885498046875,91,222,167,18,7
201904221648,610,6.59410953521728515625,152,127,236,18,10
201904221552,588,5.00280857086181640625,209,154,130,18,9
201904301440,696,8.443927764892578125,69,106,69,17,9
201904291734,785,5.022144317626953125,83,233,184,18,15
201905011908,781,5.6708812713623046875,117,93,234,19,13
201904281122,596,5.23707866668701171875,45,112,66,24,4
201905011812,875,4.8596858978271484375,156,136,240,17,15
201904231722,669,6.89334869384765625,183,215,179,20,8
201904241600,655,10.5048656463623046875,142,137,196,19,17
201904241603,642,5.99358081817626953125,163,150,169,19,14
201905031851,669,4.49140071868896484375,95,46,142,19,5
201904241843,704,25.3234386444091796875,153,144,115,20,14
201904241759,620,5.79488277435302734375,150,188,152,20,11
201905051531,794,3.62379550933837890625,85,56,135,19,16
201905051913,620,3.35123538970947265625,122,153,226,19,6
201904221853,723,5.9721469879150390625,187,130,183,16,8
201905011811,867,5.97174167633056640625,147,182,189,19,15
201904231832,640,5.1872730255126953125,140,325,227,18,5
201904241119,475,5.2433013916015625,150,108,233,17,5
201904261448,600,4.530048370361328125,181,164,126,17,4
201905011833,816,5.19125461578369140625,103,189,224,19,11
201904232008,632,3.36267948150634765625,182,167,185,20,4
201904221617,570,4.025363922119140625,148,198,158,17,9
201905011819,870,5.22119998931884765625,136,175,180,19,12
201905011420,618,5.4650783538818359375,90,193,168,18,4
201905022312,645,3.78296375274658203125,144,172,123,19,7
201904281147,623,5.0495624542236328125,132,109,246,18,4
201905011505,660,4.5609951019287109375,204,142,186,18,12
201905011858,789,3.8229465484619140625,77,47,126,19,10
201904241601,642,5.607891082763671875,118,179,164,19,17
201904231938,604,3.462696075439453125,128,316,305,20,3
201904261553,626,9.44550037384033203125,214,164,118,17,10
201904222009,777,16.65871143341064453125,140,146,234,19,13
201904301244,604,37.14201450347900390625,99,60,56,24,3
201904291724,761,7.40947723388671875,97,181,233,18,14
201905031931,700,3.44636440277099609375,85,236,177,19,7
201904261603,619,4.7883510589599609375,215,149,129,18,9
201904241546,604,3.77638339996337890625,162,128,162,19,15
201905011757,903,8.55209827423095703125,105,200,171,19,15
201904291443,588,4.89614009857177734375,122,223,197,17,6
201905011733,933,6.5211772918701171875,127,140,204,19,21
201904291559,612,3.8306713104248046875,219,197,147,17,10
201904261413,598,6.15749359130859375,57,70,108,23,4
201905011659,795,4.7586917877197265625,142,203,127,18,19
201905011903,786,5.18958568572998046875,109,74,200,19,13
201904261809,685,4.86953258514404296875,106,172,205,18,7
201904221317,565,6.32917881011962890625,157,180,148,18,7
201904291248,571,7.95166492462158203125,176,178,157,17,3
201905051542,737,9.98973846435546875,72,182,148,19,13
201904291333,619,4.83710765838623046875,112,188,229,17,6
201904231822,596,15.4392242431640625,227,263,225,20,3
201904261443,588,6.037044525146484375,189,155,125,17,4
201905011831,818,7.05668926239013671875,124,140,269,19,11
201904241739,618,4.6164035797119140625,109,148,218,20,11
201904261724,655,3.7160396575927734375,104,210,169,18,8
201905011728,909,15.9913539886474609375,111,205,154,19,22
201905031736,751,4.1592121124267578125,111,212,193,19,10
201904230935,529,4.20987606048583984375,197,133,246,18,4
201904291819,749,3.54564189910888671875,153,92,279,18,9
201905051838,608,3.50902080535888671875,170,180,164,19,7
201904291343,621,3.5012722015380859375,183,143,236,15,8
201904291503,618,4.78956699371337890625,208,137,188,17,8
201904222014,778,4.73740100860595703125,172,138,201,19,13
201904261629,608,4.42082881927490234375,190,152,128,17,10
201904231933,607,5.87437152862548828125,120,349,243,20,3
201904241729,644,3.5796642303466796875,118,185,164,20,10
201904291222,565,5.3629398345947265625,182,114,242,17,3
201904231140,497,3.4319400787353515625,216,125,222,19,3
201905011710,880,6.9591045379638671875,126,189,162,18,19
201904231627,568,21.54157161712646484375,236,140,187,20,6
201904261613,598,7.11677074432373046875,194,148,127,17,9
201905011201,605,6.99341297149658203125,152,115,239,17,4
201904221728,695,8.24985504150390625,129,122,243,18,9
201904222029,800,7.326602935791015625,121,168,228,19,15
201904301559,790,8.65190029144287109375,92,62,97,18,13
201904231742,639,9.59389209747314453125,153,234,188,20,7
201905022356,587,4.50351238250732421875,199,131,136,19,2
201904241913,694,6.8156719207763671875,110,121,237,19,10
201904301749,802,4.10442352294921875,109,198,182,18,12
201905011126,600,4.475688934326171875,109,186,216,18,3
201904241704,562,7.37512111663818359375,135,107,232,19,12
201905011440,634,3.7540912628173828125,201,145,171,18,8
201904261654,605,6.9177150726318359375,127,197,184,17,10
201904231421,579,5.49151897430419921875,180,215,170,20,9
201904221347,565,5.168247222900390625,144,189,168,18,5
201905011511,685,4.49237823486328125,175,128,224,18,13
201904301852,662,3.61893177032470703125,140,190,149,18,4
201904291649,663,3.5027980804443359375,131,128,259,17,12
201904231506,593,5.2712917327880859375,112,64,226,20,10
201904241455,584,6.3121318817138671875,183,148,124,19,10
201905051817,627,5.26077747344970703125,121,213,169,19,7
201904221833,706,4.82654571533203125,186,179,151,18,6
201905011551,687,5.69860935211181640625,91,185,199,18,14
201905011801,893,2.86891460418701171875,112,184,177,17,16
201904281532,756,5.29630184173583984375,76,162,123,18,11
201904241838,692,5.11405467987060546875,108,133,106,20,15
201905051637,714,5.203723907470703125,142,188,138,19,11
201904261558,618,7.603168487548828125,218,158,127,18,9
201905030101,546,5.590343475341796875,126,138,243,18,3
201905031731,710,5.4945468902587890625,130,206,195,19,10
201904232003,631,6.3198566436767578125,117,174,263,20,4
201905011913,812,6.5277099609375,96,139,227,19,15
201904231225,522,6.63578510284423828125,230,173,141,19,3
201904241355,518,7.90717601776123046875,104,214,152,18,8
201904291328,618,4.689121246337890625,161,124,248,17,6
201905051707,717,11.5597248077392578125,196,159,156,19,11
201904291413,605,5.24337291717529296875,176,191,137,17,8
201904301259,603,3.44159603118896484375,132,178,174,17,2
201905011821,856,3.6337375640869140625,125,181,164,19,12
201904281217,586,3.40030193328857421875,88,239,146,18,1
201904261729,671,6.5178394317626953125,107,208,175,16,8
201904301555,779,10.71722507476806640625,183,119,156,18,16
201904231602,590,4.7846317291259765625,206,142,239,20,9
201904301917,641,4.00860309600830078125,156,146,219,18,5
201905011707,856,9.6220493316650390625,141,165,210,18,20
201904291253,568,4.34167385101318359375,204,145,178,17,3
201904231837,643,13.30692768096923828125,117,339,243,18,5
201904221602,580,41.06552600860595703125,187,159,164,18,9
201905022328,652,3.93326282501220703125,105,183,225,19,5
201904231145,496,6.34136199951171875,244,130,174,19,3
201905011701,782,5.69324493408203125,144,184,183,18,20
201904241054,457,6.0571193695068359375,114,116,113,17,3
201904241109,467,4.74376678466796875,180,116,169,18,4
201904291238,569,4.0344715118408203125,110,219,207,17,2
201904241536,596,7.22744464874267578125,173,113,202,19,14
201905051848,615,5.338764190673828125,147,168,223,19,4
201905030231,535,3.51221561431884765625,184,139,177,18,2
201904221527,578,5.974483489990234375,144,118,234,18,10
201904221322,567,4.4521331787109375,119,203,170,18,7
201905011820,861,4.9989223480224609375,162,143,204,19,12
201904241549,607,5.003643035888671875,120,113,175,19,15
201905051858,607,4.97758388519287109375,123,218,194,19,6
201904291243,566,5.95748424530029296875,138,205,181,17,3
201905031630,620,5.11028766632080078125,190,98,234,18,5
201904291629,611,5.20961284637451171875,174,192,160,17,9
201904301644,712,3.83517742156982421875,184,123,206,18,15
201904221954,783,18.8130855560302734375,147,204,155,19,11
201905051742,718,4.10273075103759765625,149,144,227,19,11
201904242014,644,6.73396587371826171875,134,103,240,19,13
201904291749,768,4.2860507965087890625,179,176,131,18,13
201905032015,684,5.49070835113525390625,84,195,176,19,7
201904241320,539,5.35869598388671875,189,152,145,18,5
201905030111,540,4.246044158935546875,173,144,179,18,3
201905051602,709,5.143260955810546875,135,110,261,19,11
201905051923,635,4.74755764007568359375,199,149,148,19,8
201905011056,607,4.71203327178955078125,179,204,140,17,3
201904242009,670,6.4631938934326171875,114,109,250,19,12
201904230739,536,4.10020351409912109375,138,226,113,18,1
201904230955,554,20.63763141632080078125,120,277,179,19,4
201905011040,590,5.5942058563232421875,78,186,166,17,2
201904301947,750,3.73275279998779296875,185,158,141,18,11
201904232118,682,3.918552398681640625,176,179,178,20,7
201904291323,619,4.411220550537109375,192,146,208,17,7
201905032025,686,12.8099918365478515625,103,223,168,19,7
201904261523,594,3.908824920654296875,170,157,139,17,7
201905011806,874,7.3237895965576171875,150,146,189,19,14
201905051533,761,4.1922092437744140625,163,133,170,19,15
201904241435,511,4.11994457244873046875,160,177,139,18,8
201904241049,439,4.01270389556884765625,39,76,106,24,3
201905051737,707,4.76415157318115234375,148,198,171,19,11
201904231903,628,5.779933929443359375,146,319,220,20,3
201904231220,507,7.18672275543212890625,226,144,169,18,2
201904301937,744,6.238460540771484375,143,208,142,18,9
201904241858,691,5.89885711669921875,79,207,182,20,13
201904301709,795,25.1306056976318359375,150,191,136,18,12
201904230744,539,4.99274730682373046875,104,259,136,19,1
201904301719,801,5.12039661407470703125,185,166,120,16,14
201905031801,748,5.14953136444091796875,104,236,181,19,8
201904231948,606,4.5668125152587890625,163,316,195,20,3
201904241315,524,4.79004383087158203125,192,149,148,18,7
201904281227,574,4.84716892242431640625,120,213,133,18,1
201905031811,725,6.70797824859619140625,96,226,190,19,8
201904292150,789,4.44648265838623046875,202,151,125,18,12
201905031936,698,4.40790653228759765625,88,236,168,19,7
201905051506,782,5.93140125274658203125,129,233,164,19,14
201905011743,919,5.2524566650390625,158,137,177,19,18
201904221934,733,4.285335540771484375,117,208,181,19,11
201904221638,582,6.4892292022705078125,142,160,231,18,9
201904241345,527,5.28278350830078125,129,184,144,18,8
201905051632,714,5.58907985687255859375,122,196,152,19,10
201905011815,876,5.24442195892333984375,124,174,204,19,14
201905011156,602,5.6363582611083984375,170,129,208,17,4
201904241938,678,5.1486968994140625,102,208,181,19,12
201904230819,517,3.50615978240966796875,193,164,184,19,2
201904230950,529,25.30729770660400390625,152,258,165,18,4
201904231747,652,9.09607410430908203125,150,189,259,20,6
201904291739,784,4.68771457672119140625,112,231,153,18,13
201904231020,560,3.7102222442626953125,139,234,176,19,5
201904231727,657,6.6255092620849609375,171,180,250,20,8
201904221337,567,5.15139102935791015625,162,139,186,18,5
201904230759,542,5.9185028076171875,214,145,175,19,1
201905011712,884,12.923908233642578125,166,122,202,18,20
201904231105,537,6.57479763031005859375,112,191,259,19,5
201904221247,631,4.82389926910400390625,181,150,149,18,7
201905051612,739,8.90738964080810546875,143,97,273,19,11
201905032141,743,3.6193370819091796875,115,240,166,19,9
201905032126,744,4.33633327484130859375,99,235,177,19,9
201904241804,617,5.8723926544189453125,117,194,169,20,11
201905011601,709,17.2913074493408203125,197,161,155,18,15
201904242019,642,6.9867610931396484375,129,101,247,20,15
201904241954,680,20.3666210174560546875,89,189,201,19,14
201904241515,587,4.987430572509765625,98,202,183,19,11
201905031816,723,5.21643161773681640625,97,200,215,19,7
201905051511,778,11.139583587646484375,120,210,199,19,14
201905011746,938,6.183528900146484375,163,132,188,19,18
201904291614,589,7.16793537139892578125,190,120,225,17,9
201905011738,929,3.29983234405517578125,148,131,209,18,17
201905011541,702,3.81462574005126953125,135,117,239,18,13
201904241250,492,7.1098804473876953125,177,102,159,18,8
201904221532,575,17.66946315765380859375,154,111,241,18,11
201905011708,861,4.83109951019287109375,166,133,233,18,20
201905011734,935,6.05487823486328125,166,145,163,18,21
201904292145,773,4.97853755950927734375,185,145,135,18,13
201905011306,589,3.7022113800048828125,197,193,142,17,2
201904231200,500,8.35144519805908203125,130,252,169,19,3
201904231622,572,5.89771270751953125,210,133,256,20,7
201904232043,640,4.2108058929443359375,206,139,251,20,4
201904291308,626,5.85000514984130859375,115,234,194,17,5
201904241649,579,5.10294437408447265625,80,137,153,19,12
201904291448,598,11.97240352630615234375,144,208,162,17,9
201904292210,756,6.61432743072509765625,202,162,122,18,11
201904261634,618,4.06801700592041015625,202,156,121,17,8
201904241245,487,10.078144073486328125,154,101,107,18,7
201904301809,769,4.47199344635009765625,131,121,213,18,12
201904222044,772,5.6335926055908203125,152,184,203,19,12
201904231853,651,12.12866306304931640625,236,267,209,20,4
201905011718,909,7.2400569915771484375,165,162,181,18,18
201905011722,908,3.29787731170654296875,167,149,177,16,18
201905011758,894,3.87680530548095703125,128,149,216,19,15
201904221718,717,4.12461757659912109375,111,170,207,18,9
201904291809,725,3.46009731292724609375,144,102,276,18,9
201905022307,647,5.99820613861083984375,111,146,119,18,7
201904261503,598,3.5576343536376953125,160,170,129,17,6
201905032041,692,5.376720428466796875,99,236,178,19,9
201904232038,642,3.80399227142333984375,155,174,260,20,4
201904231125,502,4.86052036285400390625,124,237,185,19,3
201904281157,616,7.0526123046875,94,180,208,17,4
201905011450,647,7.63456821441650390625,139,195,197,18,9
201904261744,676,3.940868377685546875,106,208,181,18,8
201905051943,656,5.05082607269287109375,184,129,215,19,6
201905011756,899,6.11050128936767578125,125,185,162,19,18
201904241420,515,6.16309642791748046875,87,223,181,18,8
201904261418,594,5.4635524749755859375,74,147,136,17,4
201904231000,550,3.5593509674072265625,116,189,252,18,4
201904301819,776,3.7455081939697265625,96,183,204,18,12
201904241853,708,5.51788806915283203125,103,200,160,20,13
201904281247,575,4.85217571258544921875,185,169,118,18,2
201904261644,604,13.46905231475830078125,153,138,204,17,7
201905011752,913,5.06198406219482421875,104,162,197,19,18
201904231135,498,5.24241924285888671875,137,128,280,19,3
201905011822,854,4.05290126800537109375,106,186,186,19,11
201905051747,709,3.61483097076416015625,180,123,223,19,11
201905011241,578,3.5951137542724609375,159,110,237,17,3
201904241550,623,23.7400054931640625,163,112,171,19,17
201905011737,929,4.34172153472900390625,119,148,230,19,18
201904231045,529,4.79052066802978515625,222,183,160,19,5
201904230844,519,7.6794147491455078125,126,242,172,19,3
201904221818,701,15.64748287200927734375,166,145,224,19,6
201905051757,651,5.540752410888671875,200,152,150,19,7
201904241440,521,4.5008182525634765625,159,173,131,18,10
201904221407,554,3.6477565765380859375,202,144,165,18,6
201904231501,598,12.13519573211669921875,58,45,147,20,11
201904231712,642,10.692501068115234375,249,124,204,20,10
201905011101,604,12.76290416717529296875,216,167,139,18,3
201904241510,576,4.97100353240966796875,131,204,147,19,11
201905051534,763,3.53100299835205078125,155,121,224,19,15
201904222034,795,5.72965145111083984375,149,140,221,19,14
201904281142,620,4.57880496978759765625,142,99,229,18,4
201904241602,642,4.9222469329833984375,112,134,202,19,14
201905031655,630,4.94139194488525390625,129,178,228,18,5
201904301739,774,3.4943103790283203125,145,135,211,18,11
201904261438,589,4.07543182373046875,183,157,124,17,4
201905011918,806,4.724788665771484375,84,192,205,19,11
201904231231,521,4.33285236358642578125,152,234,155,19,2
201905011425,619,4.41901683807373046875,98,223,153,18,5
201905011745,922,6.46793842315673828125,117,139,208,19,17
201905011726,910,7.0802211761474609375,154,158,165,19,19
201904231953,600,4.507923126220703125,123,275,194,20,4
201904281552,729,3.36053371429443359375,164,173,123,18,10
201905051717,709,6.65280818939208984375,125,170,213,19,11
201905051557,718,4.90987300872802734375,142,118,244,19,11
201905011336,604,7.82892704010009765625,153,113,267,17,4
201904231215,506,5.13231754302978515625,205,136,205,19,2
201905051627,710,5.33010959625244140625,156,168,170,19,11
201904291609,593,6.30805492401123046875,231,142,174,17,9
201904291729,783,5.04176616668701171875,82,219,208,18,14
201904221959,782,6.86948299407958984375,132,215,172,19,11
201904261423,590,5.93750476837158203125,113,161,134,17,4
201904261508,597,3.89461517333984375,163,162,127,18,6
201904291217,566,4.7100067138671875,178,131,195,17,3
201904241526,615,5.37941455841064453125,116,126,242,19,13
201905030006,568,5.98528385162353515625,137,149,222,19,2
201904221522,588,12.40680217742919921875,126,129,242,18,11
201904221918,690,13.04676532745361328125,149,161,210,19,6
201904221357,569,7.6793193817138671875,178,132,230,18,6
201905051843,612,3.70037555694580078125,130,201,175,19,7
201905011536,716,4.94534969329833984375,163,133,207,18,13
201904291523,590,12.39492893218994140625,117,156,244,17,8
201905011706,837,4.56049442291259765625,135,210,164,18,20
201904241903,705,4.01458740234375,92,197,195,20,13
201904221658,617,3.64391803741455078125,206,148,159,18,9
201904231657,580,5.4416179656982421875,138,173,251,20,8
201904261543,611,4.66554164886474609375,165,179,125,18,7
201904231416,576,6.8567752838134765625,245,146,176,20,9
201905030041,546,15.12126922607421875,129,129,239,19,2
201904292215,740,6.6666126251220703125,215,155,121,18,11
201905031846,673,3.62160205841064453125,150,96,264,19,5
201905022317,654,5.34193515777587890625,118,212,139,19,7
201904291313,611,5.34555912017822265625,148,233,160,17,5
201904230859,522,3.511333465576171875,190,178,164,18,3
201904241410,504,5.0343990325927734375,85,220,175,18,8
201904291534,581,7.27558135986328125,97,229,198,17,8
201905011256,587,6.972599029541015625,160,206,191,18,2
201904301445,711,9.4228267669677734375,128,111,117,15,9
201905011246,600,3.48551273345947265625,153,107,252,17,3
201904241430,513,16.33255481719970703125,139,193,145,18,7
201904241553,640,15.11547565460205078125,179,136,171,19,16
201905031710,658,3.497219085693359375,113,150,250,18,5
201904231110,514,4.33461666107177734375,142,137,286,19,3
201905051501,782,5.79497814178466796875,140,189,156,19,13
201904241505,583,6.96790218353271484375,167,182,118,19,11
201904231025,558,4.16543483734130859375,132,166,257,19,5
201904241340,537,10.36281585693359375,130,191,137,19,7
201904231241,503,3.86559963226318359375,135,165,255,19,2
201904281202,616,3.59780788421630859375,84,209,189,18,3
201904301530,728,3.95748615264892578125,162,140,225,15,14
201905051652,711,10.5140209197998046875,158,193,189,19,10
201905011531,694,6.10835552215576171875,189,169,147,18,12
201905011356,630,8.60908031463623046875,212,147,176,18,7
201905022345,645,5.9790134429931640625,93,45,129,19,2
201905031746,746,4.80091571807861328125,84,226,192,19,10
201904291318,611,4.9071788787841796875,207,187,146,17,5
201904222004,778,13.84594440460205078125,132,187,204,19,11
201904221928,707,6.5473079681396484375,152,187,159,19,11
201905011933,810,4.5680522918701171875,128,136,247,19,15
201904261513,601,5.2478313446044921875,166,155,146,17,7
201904231256,503,7.26258754730224609375,237,187,155,19,4
201905011750,913,4.52439785003662109375,158,127,198,19,18
201904221221,621,5.09650707244873046875,99,175,115,16,11
201905051807,628,6.8168163299560546875,171,182,132,19,7
201904301842,679,3.952693939208984375,134,144,189,18,4
201904301525,740,9.06951427459716796875,174,127,227,18,14
201904241350,521,4.92465496063232421875,113,203,149,16,7
201904231351,594,12.44819164276123046875,119,211,251,20,8
201905011111,590,6.00707530975341796875,182,125,217,18,2
201904241330,531,6.74602985382080078125,173,163,128,19,8
201904231456,597,5.2852153778076171875,166,135,235,20,10
201905051712,723,7.04996585845947265625,147,201,164,19,10
201904221633,588,10.1320743560791015625,132,193,212,18,8
201905030131,546,3.44269275665283203125,166,123,214,18,3
201905011808,866,12.2219085693359375,122,138,223,19,15
201905051833,621,3.8234233856201171875,196,131,191,19,7
201905032056,719,4.919910430908203125,112,228,183,19,9
201904241928,690,5.68485260009765625,152,180,149,19,12
201905011826,812,6.436443328857421875,140,136,218,19,11
201905032116,725,10.959148406982421875,81,235,181,19,9
201904292155,791,3.69548797607421875,194,165,121,18,12
201904221216,612,3.45218181610107421875,127,122,89,18,11
201904221352,561,4.2665958404541015625,181,145,208,18,6
201904291549,602,36.9374752044677734375,146,202,181,17,9
201904231436,563,5.36248683929443359375,216,149,192,20,7
201905031705,650,3.54239940643310546875,114,165,240,18,4
201904221507,581,3.612422943115234375,103,203,146,18,9
201904221848,746,13.12122344970703125,164,121,236,19,7
201904291207,555,4.13281917572021484375,168,190,144,17,3
201904221502,581,4.4317722320556640625,122,174,111,17,10
201904301654,720,5.05263805389404296875,130,182,189,18,15
201904230834,517,3.6298274993896484375,215,137,199,18,3
201904301557,779,3.70509624481201171875,155,151,194,18,15
201904222049,781,5.53410053253173828125,163,149,217,19,12
201904301754,775,4.45544719696044921875,116,200,170,18,13
201905011045,585,5.0879955291748046875,82,210,173,17,2
201904221422,583,8.0989837646484375,132,214,174,18,6
201905011526,695,7.66303539276123046875,146,202,156,18,13
201904221517,586,6.36975765228271484375,125,146,217,18,11
201904241908,686,6.64460659027099609375,99,148,224,20,13
201904261639,602,51.03271007537841796875,180,129,180,17,8
201904281237,571,4.2838573455810546875,160,190,121,18,1
201904301624,734,6.62477016448974609375,143,207,150,18,14
201904261453,598,6.07967376708984375,181,170,125,18,4
201904230925,533,3.5791873931884765625,155,229,180,18,4
201904301832,713,5.70113658905029296875,156,94,143,18,4
201905011715,900,11.449527740478515625,169,143,214,18,19
201904291513,590,5.7110309600830078125,163,105,257,17,8
201904291539,580,11.05289459228515625,159,191,156,17,8
201905011825,830,4.80172634124755859375,112,178,177,19,11
201904291714,724,6.54962062835693359375,137,119,259,18,13
201904231311,546,5.5823802947998046875,129,175,243,19,5
201905051802,634,7.22720623016357421875,210,153,129,19,7
201904281212,603,10.76233386993408203125,88,231,154,18,1
201905011807,874,5.066585540771484375,111,189,184,19,14
201904241335,540,4.9774169921875,142,180,135,19,6
201904301927,691,5.11302947998046875,113,212,183,18,9
201905011410,627,13.72725963592529296875,60,58,136,18,6
201904231406,591,5.00161647796630859375,163,234,174,20,9
201904301704,791,5.337429046630859375,171,179,143,18,12
201904230909,526,3.41937541961669921875,131,160,253,18,3
201904241556,643,6.45763874053955078125,136,166,171,20,17
201905051933,654,11.1698150634765625,132,187,197,19,7
201905030211,539,3.6819934844970703125,131,194,178,18,3
201904241833,650,4.96485233306884765625,71,89,64,19,10
201904231301,532,17.46082305908203125,216,216,135,19,5
201905011709,865,3.547382354736328125,177,155,173,18,18
201905011321,590,6.42979145050048828125,178,119,218,18,4
201905030031,544,14.4189357757568359375,110,222,167,19,2
201904242004,673,4.5510768890380859375,101,121,252,19,14
201904231306,537,3.401088714599609375,143,250,167,19,4
201904301535,748,9.6909999847412109375,134,173,210,18,15
201904230904,527,4.30419445037841796875,127,225,179,18,3
201904261704,644,5.27288913726806640625,119,214,171,17,10
201904261719,666,5.37226200103759765625,112,217,162,18,6
201904281537,762,4.60269451141357421875,117,177,120,18,9
201904281547,733,5.7838916778564453125,166,171,123,18,10
201904231210,509,5.8043003082275390625,131,150,270,19,4
201904241531,597,6.1177730560302734375,157,114,229,19,13
201905011702,792,6.37609958648681640625,181,146,215,18,20
201905011735,927,9.24856662750244140625,122,187,153,16,20
201904231637,579,7.979679107666015625,176,224,141,20,10
201905030026,549,4.204273223876953125,144,199,156,19,2
201905030136,541,6.27810955047607421875,178,146,169,18,3
201904231546,587,5.0571441650390625,218,149,189,20,10
201904231401,582,14.20800685882568359375,243,165,164,20,8
201904281542,743,4.10912036895751953125,139,181,122,18,9
201904231316,556,5.8222293853759765625,203,153,188,19,6
201904301724,800,4.2883396148681640625,185,159,123,18,12
201905011753,912,5.018138885498046875,150,131,206,19,17
201904221607,580,6.3352108001708984375,192,159,141,17,11
201904221412,573,8.59739780426025390625,211,155,141,18,5
201904221949,799,5.83031177520751953125,193,174,158,19,11
201904281527,734,5.1023960113525390625,41,92,102,19,10
201904231807,618,3.5110950469970703125,146,253,267,20,2
201905011723,907,6.0905933380126953125,146,179,147,19,18
201905051953,636,10.45458316802978515625,204,166,144,19,6
201905032146,751,7.659626007080078125,109,242,170,19,9
201905011827,822,3.88195514678955078125,153,149,181,19,11
201904261518,592,3.55641841888427734375,180,153,146,17,6
201904261739,669,4.03087139129638671875,115,209,178,18,8
201904301515,699,6.339168548583984375,158,146,165,18,11
201905011141,605,5.6784152984619140625,179,188,121,17,4
201904221939,744,12.7665996551513671875,126,165,217,19,15
201904291303,589,4.77752685546875,137,169,226,17,5
201904291202,557,4.70092296600341796875,111,217,176,16,3
201904291423,627,4.82769012451171875,184,133,190,17,8
201904291137,556,23.56708049774169921875,159,170,146,16,5
201904301649,706,17.4539089202880859375,147,148,209,18,15
201905051536,745,3.25148105621337890625,129,132,244,19,16
201904291624,595,7.96337127685546875,136,195,210,17,9
201904241809,618,4.9402713775634765625,114,170,203,20,11
201905051657,715,5.19812107086181640625,171,141,228,19,10
201904221427,592,5.12673854827880859375,123,166,216,18,6
201905051642,710,6.38391971588134765625,148,213,124,19,10
201905011816,874,5.488872528076171875,147,143,230,19,14
201904231526,604,4.38625812530517578125,172,118,274,20,11
201904241644,581,7.01453685760498046875,59,100,97,19,12
201904301902,673,3.79254817962646484375,193,154,156,18,3
201904261819,679,6.8968296051025390625,98,146,229,16,7
201904261749,676,3.71611118316650390625,119,199,195,18,7
201904221432,566,6.5253734588623046875,165,133,226,18,7
201905011657,814,8.1431865692138671875,77,110,61,16,20
201905011836,824,7.78882503509521484375,154,157,186,19,11
201905011730,920,7.10194110870361328125,157,138,186,19,22
201904241114,481,6.45177364349365234375,164,107,207,18,4
201905011455,661,14.17424678802490234375,160,207,158,18,11
201904230749,539,4.94024753570556640625,98,199,213,19,1
201904261814,694,13.26541900634765625,111,182,196,16,7
201904241709,596,7.16578960418701171875,145,106,224,19,11
201904231336,588,6.48319721221923828125,92,253,184,20,10
201904301907,667,6.70540332794189453125,201,146,190,18,3
201905031836,695,4.68914508819580078125,142,106,267,19,6
201904231817,592,5.45527935028076171875,201,242,278,20,2
201904291157,554,5.62832355499267578125,106,192,217,17,3
201905032206,761,6.19313716888427734375,100,263,182,19,9
201904231321,561,21.4730739593505859375,225,150,156,20,7
201904261649,594,10.82599163055419921875,129,166,198,17,7
201905030051,540,4.70483303070068359375,139,198,168,19,2
201904291619,596,4.73568439483642578125,151,135,248,17,10
201905011301,591,6.14435672760009765625,175,211,157,18,2
201904241405,511,6.13739490509033203125,92,219,162,18,7
201904301714,790,5.35299777984619140625,159,176,130,18,14
201905011755,906,19.71683502197265625,172,156,141,19,17
201904231928,604,3.4390926361083984375,171,319,216,20,3
201904281252,579,11.32142543792724609375,192,155,123,18,3
201904261709,678,4.02009487152099609375,116,218,164,17,7
201904221242,631,6.54180049896240234375,157,135,179,18,7
201904241714,635,19.726657867431640625,163,103,210,19,13
201904231918,601,6.22699260711669921875,183,230,308,18,3
201905011800,886,5.23583889007568359375,157,140,178,19,15
201904291759,757,3.64983081817626953125,134,111,246,18,9
201904231958,625,5.156040191650390625,99,254,202,18,4
201904241820,639,9.01381969451904296875,162,133,181,19,11
201904231115,512,5.906772613525390625,204,142,198,18,3
201904242024,645,5.13498783111572265625,146,100,237,19,12
201904292205,766,3.473758697509765625,197,164,126,18,11
201904301304,605,6.24411106109619140625,146,182,152,17,2
201905051722,728,4.02982234954833984375,175,135,230,19,11
201905051908,612,4.9496173858642578125,103,218,166,19,6
201904231205,503,3.7171840667724609375,113,211,224,19,4
201904231005,544,3.85189056396484375,168,146,235,18,3
201904301505,680,11.86649799346923828125,96,187,177,17,12
201904301759,768,3.46329212188720703125,138,178,151,18,12
201904241548,621,6.55429363250732421875,131,122,91,19,15
201905032201,758,4.6408176422119140625,109,248,191,20,9
201905011035,587,3.86865139007568359375,76,139,150,17,2
201905032036,692,7.4882984161376953125,108,240,174,19,9
201904221653,632,6.51972293853759765625,199,130,198,18,10
201904301540,720,6.5814495086669921875,113,198,190,18,15
201904231521,596,3.408527374267578125,150,148,255,20,10
201904230854,521,3.64377498626708984375,197,143,207,18,3
201905011521,706,10.79394817352294921875,120,205,186,18,13
201904231326,566,3.6791324615478515625,154,228,147,20,7
201905032216,751,3.46696376800537109375,118,245,146,19,9
201904221843,737,5.21271228790283203125,167,143,215,17,7
201904222039,789,5.8585643768310546875,153,172,173,19,11
201904301932,709,4.240512847900390625,113,218,164,18,9
201905011331,593,3.490352630615234375,148,112,256,18,4
201904301619,729,4.577732086181640625,115,200,177,18,14
201905032111,728,6.01670742034912109375,83,235,193,19,9
201904231120,503,5.014705657958984375,164,206,165,18,3
201904241255,489,10.1745128631591796875,155,98,212,18,8
201905011351,631,13.3677959442138671875,200,189,144,18,7
201905011840,819,21.407413482666015625,161,147,184,19,11
201905032101,719,5.05855083465576171875,107,232,179,19,9
201904241450,570,16.22712612152099609375,184,152,125,18,11
201904291634,627,17.44349002838134765625,212,161,156,17,12
201905011829,816,5.34584522247314453125,96,189,214,19,11
201905011717,902,5.23297786712646484375,131,193,181,18,18
201904301520,727,4.68709468841552734375,152,126,201,18,14
201905031916,679,4.756927490234375,105,223,193,19,7
201904231010,552,5.4169178009033203125,210,154,171,18,4
201904221302,570,4.17270660400390625,135,155,207,18,6
201904231035,556,4.53701019287109375,173,123,281,19,5
201904301249,604,7.18572139739990234375,120,93,149,17,3
201905011724,912,4.252910614013671875,117,183,185,19,19
201904241240,471,8.93456935882568359375,97,77,63,18,7
201904221944,763,3.63750457763671875,199,150,191,19,10
201905031726,698,5.2114963531494140625,106,184,219,19,8
201905011731,934,18.268108367919921875,160,159,151,19,22
201904301558,784,6.982707977294921875,177,163,154,18,13
201905051948,647,4.098987579345703125,197,147,165,19,6
201904291428,619,5.162334442138671875,188,113,248,17,6
201904231557,593,4.6545505523681640625,146,186,234,20,12
201905011742,931,37.8030300140380859375,164,112,241,19,18
201904291554,601,6.21531009674072265625,154,216,160,17,9
201904230814,522,8.8719844818115234375,175,125,261,19,2
201904231642,584,8.72185230255126953125,141,257,138,20,10
201904231055,538,16.4501190185546875,130,262,180,19,5
201904261548,614,3.73208522796630859375,173,175,130,18,10
201904221643,589,6.649684906005859375,152,140,234,18,10
201905031831,681,6.0552120208740234375,127,114,265,19,6
201904301604,729,5.01968860626220703125,115,100,164,18,13
201904222109,722,8.16948413848876953125,149,168,200,19,13
201904221743,743,6.00731372833251953125,160,205,160,19,10
201905030001,572,4.1496753692626953125,151,191,159,19,2
201904221738,713,13.7242794036865234375,200,135,172,18,10
201904232108,665,3.4027576446533203125,117,126,295,20,5
201905011759,892,8.88268947601318359375,133,120,238,19,15
201904232018,643,3.4198284149169921875,110,202,238,20,5
201905031640,627,3.9532184600830078125,187,98,256,18,5
201904281303,597,3.38153839111328125,195,129,184,18,4
201905051526,808,5.63361644744873046875,167,173,154,19,16
201904291709,677,5.7121753692626953125,167,131,216,17,13
201904231511,585,9.75506305694580078125,182,103,178,20,10
201905032010,680,3.41560840606689453125,80,165,151,19,8
201904231552,590,7.642841339111328125,162,223,177,20,12
201904261754,683,5.06708621978759765625,124,185,201,18,7
201904221537,590,6.7214488983154296875,173,114,221,17,11
201904301450,717,4.80365753173828125,129,121,183,17,10
201905011721,909,17.42432117462158203125,135,143,225,18,18
201904301814,769,4.796695709228515625,115,139,215,18,13
201905051622,720,4.009914398193359375,182,127,192,19,11
201904291353,621,4.97939586639404296875,127,170,242,17,6
201904221923,672,5.03661632537841796875,188,148,175,19,8
201905031751,741,5.1736354827880859375,87,232,185,19,9
201904291358,607,4.2693614959716796875,109,215,213,17,6
201905011814,879,3.994846343994140625,143,181,176,19,15
201904231647,592,22.467517852783203125,117,271,143,20,8
201904291458,622,5.363368988037109375,183,171,149,17,9
201905011216,581,4.0806293487548828125,104,193,212,18,2
201905051647,701,3.33538055419921875,148,219,150,19,9
201904291122,528,5.435657501220703125,70,98,48,23,5
201904281137,620,4.8678874969482421875,147,104,205,17,4
201904241541,613,8.3837985992431640625,174,125,174,19,13
201905031645,626,12.8012180328369140625,174,100,269,18,5
201905011704,824,5.012607574462890625,167,178,151,18,20
201905011346,624,3.5114765167236328125,147,211,170,17,6
201904221437,569,5.322170257568359375,202,137,174,18,9
201905030226,539,4.4804096221923828125,160,131,232,18,2
201904301455,691,6.979656219482421875,124,129,211,18,11
201905011341,620,3.18596363067626953125,141,169,213,15,4
201904221512,579,5.57644367218017578125,103,186,184,18,11
201905051607,720,14.72418308258056640625,137,100,266,19,12
201904221748,721,6.95126056671142578125,136,205,187,19,6
201904231030,560,26.22852325439453125,133,146,285,19,5
201904292220,739,3.434085845947265625,224,153,120,18,11
201905011500,658,14.70549106597900390625,191,176,146,18,11
201905031620,627,6.6712856292724609375,182,115,155,18,4
201904241814,625,6.03120326995849609375,127,133,225,20,11
201904291142,555,4.947566986083984375,169,130,189,17,3
201904241415,506,3.67939472198486328125,85,221,177,18,8
201905051456,796,4.44014072418212890625,187,116,116,19,13
201905011741,932,4.69925403594970703125,146,119,224,19,17
201904281127,599,3.364086151123046875,132,115,110,17,4
201905011923,766,3.51908206939697265625,99,187,216,19,15
201904241305,498,4.83152866363525390625,160,97,225,18,5
201904231155,499,5.63037395477294921875,182,213,143,18,3
201904281613,721,4.00822162628173828125,169,139,170,18,10
201905011720,914,5.7955265045166015625,125,182,188,18,17
201905011732,930,6.0791015625,130,188,165,19,21
201905031721,681,5.53262233734130859375,112,174,232,19,8
201904221402,552,3.9885997772216796875,196,131,206,18,5
201904301629,711,5.74901103973388671875,170,185,136,18,14
201904291233,563,4.88240718841552734375,127,175,235,17,2
201905030106,549,4.97729778289794921875,154,120,236,18,3
201905031741,743,4.831027984619140625,89,219,198,19,10
201905031610,650,3.4680843353271484375,43,122,59,25,5
201905011402,645,3.4060001373291015625,212,124,204,18,7
201905011658,808,4.31907176971435546875,126,153,95,18,20
201905011106,604,3.58941555023193359375,202,140,184,18,3
201905011211,596,11.69269084930419921875,137,163,225,18,2
201904261533,601,4.71656322479248046875,177,163,130,17,7
201904221452,583,5.762577056884765625,94,83,58,18,10
201905011116,590,4.174709320068359375,165,116,242,18,2
201905030141,539,4.9704074859619140625,140,202,158,18,3
201905051537,745,5.31375408172607421875,39,132,89,19,14
201905011739,924,4.3056964874267578125,108,181,179,19,17
201905011030,567,5.3295135498046875,55,46,120,24,2
201904221232,643,13.07041645050048828125,98,199,166,18,10
201904231802,630,17.46723651885986328125,161,263,215,20,4
201904231015,555,3.42500209808349609375,171,201,150,19,5
201904261804,687,5.28333187103271484375,113,176,202,18,7
201904231908,619,5.20813465118408203125,138,257,264,18,3
201904231426,573,6.18660449981689453125,154,216,205,20,9
201904230734,543,4.55524921417236328125,128,215,106,18,1
201904231652,582,4.885005950927734375,108,256,183,20,8
201905031826,693,5.61058521270751953125,118,132,256,19,5
201904241104,467,4.06341552734375,173,126,131,18,4
201905011151,607,4.03020381927490234375,204,152,141,17,4
201905011754,909,7.9203128814697265625,162,154,164,19,17
201904281602,734,14.7613048553466796875,169,176,120,19,11
201905011804,886,5.37211894989013671875,115,184,173,19,13
201904230914,526,3.7924289703369140625,209,148,187,18,3
201904231050,541,4.74131107330322265625,163,227,179,19,5
201905051752,683,4.04117107391357421875,205,135,189,19,8
201905031856,658,12.2223377227783203125,126,94,210,19,4
201905030201,538,12.58537769317626953125,160,123,241,18,3
201904291453,598,5.40382862091064453125,174,191,150,18,9
201905030116,554,5.71095943450927734375,129,196,177,19,3
201904231431,572,15.519237518310546875,151,156,263,20,7
201904232028,650,5.5393218994140625,186,156,191,20,5
201904221703,640,6.30733966827392578125,183,171,143,18,10
201904291258,565,4.42588329315185546875,169,119,231,17,3
201904301952,766,5.5706501007080078125,181,131,187,18,11
201904291348,615,4.36687469482421875,159,123,267,17,8
201905031715,683,5.224895477294921875,115,141,255,18,8
201904231943,600,6.6688060760498046875,187,332,233,20,3
201905011556,690,7.70876407623291015625,157,187,161,18,13
201904221542,603,7.25688934326171875,192,138,163,18,11
201904222119,751,7.02457427978515625,183,128,223,19,12
201904281207,608,4.5635700225830078125,74,216,182,18,1
201905011311,589,11.74128055572509765625,218,170,126,15,4
201904232053,647,5.42659759521484375,185,197,164,18,5
201905011713,898,4.57532405853271484375,135,180,171,18,19
201904281308,595,6.41038417816162109375,177,122,216,18,4
201905011435,628,3.487682342529296875,178,176,129,18,7
201905011809,868,4.88646030426025390625,157,121,238,19,15
201905051532,778,15.22681713104248046875,118,84,209,19,17
201905030016,556,4.85248565673828125,183,131,188,19,2
201904231732,655,5.1239490509033203125,216,135,264,20,7
201904301500,689,5.6994915008544921875,106,155,212,18,10
201904222114,755,10.8395099639892578125,161,138,232,19,11
201905011736,933,5.28481006622314453125,105,183,180,19,20
201904221257,587,17.62545108795166015625,130,207,167,18,6
201904292135,759,5.7295322418212890625,65,121,197,18,13
201905051451,796,5.2342891693115234375,161,84,110,19,13
201904291744,785,6.4952850341796875,155,193,143,18,13
201904231812,602,3.63829135894775390625,135,235,318,20,2
201905030036,539,4.37526702880859375,114,164,222,19,2
201904230829,520,4.1902065277099609375,154,157,256,19,3
201904231441,562,5.73024749755859375,171,198,157,20,8
201904291418,616,3.7597179412841796875,199,171,130,17,8
201904241557,651,6.84449672698974609375,121,149,203,19,17
201904230754,542,5.14461994171142578125,142,145,258,19,1
201904230809,528,3.682422637939453125,143,159,251,19,2
201904241719,623,4.4188022613525390625,157,127,184,19,13
201905011839,825,4.023075103759765625,167,126,222,19,11
201904221828,714,7.80050754547119140625,211,139,166,19,6
201905011834,813,8.786106109619140625,116,146,262,19,11
201904261618,612,3.4307003021240234375,197,147,126,17,10
201904221808,691,12.18259334564208984375,152,192,164,19,6
201905051535,749,3.82730960845947265625,162,155,188,19,15
201904221457,586,6.2626361846923828125,145,125,84,18,9
201904301957,772,3.746128082275390625,171,114,212,18,11
201905031926,710,3.86219024658203125,85,239,177,19,7
201905011719,910,6.86919689178466796875,154,187,149,16,17
201904291518,579,4.41052913665771484375,141,101,268,17,8
201905030046,545,5.24752140045166015625,177,141,181,18,2
201905051727,725,5.7567119598388671875,201,144,177,19,10
201904292200,774,8.24477672576904296875,195,167,131,18,13
201905031625,625,4.28650379180908203125,199,105,202,18,5
201904221342,560,4.23824787139892578125,177,155,151,20,6
201904231516,593,5.00867366790771484375,142,191,177,21,10
201905011226,574,3.9813995361328125,163,187,149,17,3
201904221547,604,7.3297023773193359375,211,146,142,18,9
201904241059,465,6.7981243133544921875,144,131,121,18,3
201904241734,619,6.3274860382080078125,102,188,179,20,11
201904241749,626,7.0597171783447265625,165,129,178,19,11
201904231842,650,21.93186283111572265625,111,315,289,20,5
201905032156,750,3.41503620147705078125,118,255,172,19,9
201905051918,618,3.882312774658203125,170,141,182,19,7
201905030021,551,3.43658924102783203125,190,154,153,19,2
201905051928,672,3.5035610198974609375,145,201,160,19,8
201904281242,569,4.31587696075439453125,167,179,118,18,1
201904301734,792,3.94611358642578125,158,139,198,18,11
201904231607,584,3.8890838623046875,179,199,181,20,9
201905032051,705,4.61838245391845703125,116,230,172,19,9
201905051552,727,13.94731998443603515625,129,141,237,19,11
201905030121,543,4.72404956817626953125,117,154,229,19,3
201904301639,699,6.80668354034423828125,179,137,182,18,14
201904241554,640,4.16469573974609375,133,176,172,19,16
201905032121,717,6.13110065460205078125,102,238,171,19,9
201905051938,656,3.35357189178466796875,155,140,233,19,7
201904231617,569,12.6824855804443359375,175,165,259,20,7
